<stars signature="AMfU59Jn6+v4vDZH98R5LU/+IXHTuTsz6gCWF8+zTJy">
  <star>
    <pos>
      <x>100.713</x>
      <y>49.694</y>
    </pos>
    <color>
      <red>149</red>
      <green>167</green>
      <blue>142</blue>
    </color>
    <size>3</size>
    <power>42</power>
    <date />
    <info>no info</info>
  </star>
  <star>
    <pos>
      <x>129.39</x>
      <y>115.659</y>
    </pos>
    <color>
      <red>117</red>
      <green>129</green>
      <blue>127</blue>
    </color>
    <size>3</size>
    <power>100</power>
    <date />
    <info>no info</info>
  </star>
  <star>
    <pos>
      <x>182.537</x>
      <y>32.6653</y>
    </pos>
    <color>
      <red>194</red>
      <green>195</green>
      <blue>196</blue>
    </color>
    <size>3</size>
    <power>76</power>
    <date />
    <info>no info</info>
  </star>
  <star>
    <pos>
      <x>202.352</x>
      <y>71.3009</y>
    </pos>
    <color>
      <red>127</red>
      <green>96</green>
      <blue>131</blue>
    </color>
    <size>3</size>
    <power>78</power>
    <date />
    <info>no info</info>
  </star>
  <star>
    <pos>
      <x>95.4445</x>
      <y>124.212</y>
    </pos>
    <color>
      <red>231</red>
      <green>237</green>
      <blue>174</blue>
    </color>
    <size>3</size>
    <power>66</power>
    <date />
    <info>no info</info>
  </star>
  <star>
    <pos>
      <x>212.734</x>
      <y>177.748</y>
    </pos>
    <color>
      <red>144</red>
      <green>150</green>
      <blue>189</blue>
    </color>
    <size>3</size>
    <power>64</power>
    <date />
    <info>no info</info>
  </star>
  <star>
    <pos>
      <x>229.409</x>
      <y>114.451</y>
    </pos>
    <color>
      <red>113</red>
      <green>150</green>
      <blue>130</blue>
    </color>
    <size>3</size>
    <power>51</power>
    <date />
    <info>no info</info>
  </star>
  <star>
    <pos>
      <x>216.131</x>
      <y>97.2228</y>
    </pos>
    <color>
      <red>249</red>
      <green>235</green>
      <blue>205</blue>
    </color>
    <size>3</size>
    <power>60</power>
    <date />
    <info>no info</info>
  </star>
  <star>
    <pos>
      <x>163.651</x>
      <y>159.361</y>
    </pos>
    <color>
      <red>199</red>
      <green>205</green>
      <blue>195</blue>
    </color>
    <size>3</size>
    <power>83</power>
    <date />
    <info>no info</info>
  </star>
  <star>
    <pos>
      <x>114.69</x>
      <y>101.557</y>
    </pos>
    <color>
      <red>217</red>
      <green>210</green>
      <blue>241</blue>
    </color>
    <size>3</size>
    <power>42</power>
    <date />
    <info>no info</info>
  </star>
  <star>
    <pos>
      <x>148.93</x>
      <y>165.214</y>
    </pos>
    <color>
      <red>187</red>
      <green>190</green>
      <blue>193</blue>
    </color>
    <size>3</size>
    <power>43</power>
    <date />
    <info>no info</info>
  </star>
  <star>
    <pos>
      <x>118.103</x>
      <y>149.282</y>
    </pos>
    <color>
      <red>211</red>
      <green>173</green>
      <blue>198</blue>
    </color>
    <size>3</size>
    <power>51</power>
    <date />
    <info>no info</info>
  </star>
  <star>
    <pos>
      <x>174.433</x>
      <y>114.851</y>
    </pos>
    <color>
      <red>216</red>
      <green>224</green>
      <blue>178</blue>
    </color>
    <size>3</size>
    <power>84</power>
    <date />
    <info>no info</info>
  </star>
  <star>
    <pos>
      <x>243.096</x>
      <y>77.8403</y>
    </pos>
    <color>
      <red>201</red>
      <green>201</green>
      <blue>201</blue>
    </color>
    <size>3</size>
    <power>82</power>
    <date />
    <info>no info</info>
  </star>
  <star>
    <pos>
      <x>207.069</x>
      <y>101.241</y>
    </pos>
    <color>
      <red>205</red>
      <green>241</green>
      <blue>185</blue>
    </color>
    <size>3</size>
    <power>83</power>
    <date />
    <info>no info</info>
  </star>
  <star>
    <pos>
      <x>161.964</x>
      <y>135.107</y>
    </pos>
    <color>
      <red>177</red>
      <green>189</green>
      <blue>224</blue>
    </color>
    <size>3</size>
    <power>58</power>
    <date />
    <info>no info</info>
  </star>
  <star>
    <pos>
      <x>176.938</x>
      <y>156.799</y>
    </pos>
    <color>
      <red>136</red>
      <green>130</green>
      <blue>128</blue>
    </color>
    <size>3</size>
    <power>66</power>
    <date />
    <info>no info</info>
  </star>
  <star>
    <pos>
      <x>206.934</x>
      <y>74.2472</y>
    </pos>
    <color>
      <red>121</red>
      <green>150</green>
      <blue>125</blue>
    </color>
    <size>3</size>
    <power>51</power>
    <date />
    <info>no info</info>
  </star>
  <star>
    <pos>
      <x>197.163</x>
      <y>74.4042</y>
    </pos>
    <color>
      <red>147</red>
      <green>173</green>
      <blue>143</blue>
    </color>
    <size>3</size>
    <power>100</power>
    <date />
    <info>no info</info>
  </star>
  <star>
    <pos>
      <x>202.819</x>
      <y>52.3502</y>
    </pos>
    <color>
      <red>141</red>
      <green>144</green>
      <blue>131</blue>
    </color>
    <size>3</size>
    <power>90</power>
    <date />
    <info>no info</info>
  </star>
  <star>
    <pos>
      <x>164.613</x>
      <y>115.105</y>
    </pos>
    <color>
      <red>169</red>
      <green>230</green>
      <blue>196</blue>
    </color>
    <size>3</size>
    <power>80</power>
    <date />
    <info>no info</info>
  </star>
  <star>
    <pos>
      <x>132.292</x>
      <y>118.784</y>
    </pos>
    <color>
      <red>148</red>
      <green>180</green>
      <blue>177</blue>
    </color>
    <size>3</size>
    <power>71</power>
    <date />
    <info>no info</info>
  </star>
  <star>
    <pos>
      <x>178.97</x>
      <y>136.768</y>
    </pos>
    <color>
      <red>243</red>
      <green>223</green>
      <blue>216</blue>
    </color>
    <size>3</size>
    <power>83</power>
    <date />
    <info>no info</info>
  </star>
  <star>
    <pos>
      <x>154.791</x>
      <y>83.6929</y>
    </pos>
    <color>
      <red>101</red>
      <green>143</green>
      <blue>101</blue>
    </color>
    <size>3</size>
    <power>93</power>
    <date />
    <info>no info</info>
  </star>
  <star>
    <pos>
      <x>176.824</x>
      <y>187.829</y>
    </pos>
    <color>
      <red>214</red>
      <green>206</green>
      <blue>205</blue>
    </color>
    <size>3</size>
    <power>74</power>
    <date />
    <info>no info</info>
  </star>
  <star>
    <pos>
      <x>163.72</x>
      <y>121.954</y>
    </pos>
    <color>
      <red>237</red>
      <green>234</green>
      <blue>232</blue>
    </color>
    <size>3</size>
    <power>87</power>
    <date />
    <info>no info</info>
  </star>
  <star>
    <pos>
      <x>169.202</x>
      <y>112.859</y>
    </pos>
    <color>
      <red>127</red>
      <green>148</green>
      <blue>135</blue>
    </color>
    <size>3</size>
    <power>74</power>
    <date />
    <info>no info</info>
  </star>
</stars>
